date,bankroll,roi_pct,peak,drawdown
2021-01-06,10000.0,0.0,10000.0,0.0
2021-01-10,10000.0,0.0,10000.0,0.0
2021-01-13,10000.0,0.0,10000.0,0.0
2021-01-17,10000.0,0.0,10000.0,0.0
2021-01-20,10000.0,0.0,10000.0,0.0
2021-01-24,10000.0,0.0,10000.0,0.0
2021-01-27,10000.0,0.0,10000.0,0.0
2021-01-31,10000.0,0.0,10000.0,0.0
2021-02-03,10000.0,0.0,10000.0,0.0
2021-02-06,10000.0,0.0,10000.0,0.0
2021-02-10,10000.0,0.0,10000.0,0.0
2021-02-14,10000.0,0.0,10000.0,0.0
2021-02-17,10000.0,0.0,10000.0,0.0
2021-02-21,10000.0,0.0,10000.0,0.0
2021-02-24,10000.0,0.0,10000.0,0.0
2021-02-28,10000.0,0.0,10000.0,0.0
2021-03-03,10000.0,0.0,10000.0,0.0
2021-03-07,10000.0,0.0,10000.0,0.0
2021-03-10,10000.0,0.0,10000.0,0.0
2021-03-13,10000.0,0.0,10000.0,0.0
2021-03-17,10000.0,0.0,10000.0,0.0
2021-03-21,10000.0,0.0,10000.0,0.0
2021-03-24,10000.0,0.0,10000.0,0.0
2021-03-28,10000.0,0.0,10000.0,0.0
2021-03-31,10000.0,0.0,10000.0,0.0
2021-04-11,10000.0,0.0,10000.0,0.0
2021-04-14,10000.0,0.0,10000.0,0.0
2021-04-17,10000.0,0.0,10000.0,0.0
2021-04-21,10000.0,0.0,10000.0,0.0
2021-04-25,9800.0,-2.0000000000000018,10000.0,-0.02
2021-04-28,9800.0,-2.0000000000000018,10000.0,-0.02
2021-05-02,9800.0,-2.0000000000000018,10000.0,-0.02
2021-05-05,9604.0,-3.959999999999997,10000.0,-0.0396
2021-05-08,9604.0,-3.959999999999997,10000.0,-0.0396
2021-05-12,9604.0,-3.959999999999997,10000.0,-0.0396
2021-05-16,9604.0,-3.959999999999997,10000.0,-0.0396
2021-05-19,9604.0,-3.959999999999997,10000.0,-0.0396
2021-05-23,9604.0,-3.959999999999997,10000.0,-0.0396
2021-05-26,9604.0,-3.959999999999997,10000.0,-0.0396
2021-05-30,9604.0,-3.959999999999997,10000.0,-0.0396
2021-06-02,9604.0,-3.959999999999997,10000.0,-0.0396
2021-06-06,9604.0,-3.959999999999997,10000.0,-0.0396
2021-06-09,9604.0,-3.959999999999997,10000.0,-0.0396
2021-06-13,9604.0,-3.959999999999997,10000.0,-0.0396
2021-06-20,9604.0,-3.959999999999997,10000.0,-0.0396
2021-06-23,9604.0,-3.959999999999997,10000.0,-0.0396
2021-06-26,9604.0,-3.959999999999997,10000.0,-0.0396
2021-07-04,9604.0,-3.959999999999997,10000.0,-0.0396
2021-07-07,9604.0,-3.959999999999997,10000.0,-0.0396
2021-07-11,9604.0,-3.959999999999997,10000.0,-0.0396
2021-07-14,9604.0,-3.959999999999997,10000.0,-0.0396
2021-09-05,9604.0,-3.959999999999997,10000.0,-0.0396
2021-09-08,9604.0,-3.959999999999997,10000.0,-0.0396
2021-09-12,9604.0,-3.959999999999997,10000.0,-0.0396
2021-09-15,9604.0,-3.959999999999997,10000.0,-0.0396
2021-09-19,9604.0,-3.959999999999997,10000.0,-0.0396
2021-09-22,9604.0,-3.959999999999997,10000.0,-0.0396
2021-09-26,9604.0,-3.959999999999997,10000.0,-0.0396
2021-10-06,9604.0,-3.959999999999997,10000.0,-0.0396
2021-10-10,9604.0,-3.959999999999997,10000.0,-0.0396
2021-10-17,9411.92,-5.880799999999997,10000.0,-0.05880799999999999
2021-10-20,9411.92,-5.880799999999997,10000.0,-0.05880799999999999
2021-10-24,9411.92,-5.880799999999997,10000.0,-0.05880799999999999
2021-10-27,9411.92,-5.880799999999997,10000.0,-0.05880799999999999
2021-10-31,9411.92,-5.880799999999997,10000.0,-0.05880799999999999
2021-11-03,9411.92,-5.880799999999997,10000.0,-0.05880799999999999
2021-11-07,9411.92,-5.880799999999997,10000.0,-0.05880799999999999
2021-11-10,9411.92,-5.880799999999997,10000.0,-0.05880799999999999
2021-11-13,9411.92,-5.880799999999997,10000.0,-0.05880799999999999
2021-11-17,9411.92,-5.880799999999997,10000.0,-0.05880799999999999
2021-11-21,9411.92,-5.880799999999997,10000.0,-0.05880799999999999
2021-11-24,9411.92,-5.880799999999997,10000.0,-0.05880799999999999
2021-11-28,9411.92,-5.880799999999997,10000.0,-0.05880799999999999
2021-12-01,9411.92,-5.880799999999997,10000.0,-0.05880799999999999
2021-12-05,9411.92,-5.880799999999997,10000.0,-0.05880799999999999
2021-12-08,9411.92,-5.880799999999997,10000.0,-0.05880799999999999
2021-12-12,9411.92,-5.880799999999997,10000.0,-0.05880799999999999
2021-12-15,9411.92,-5.880799999999997,10000.0,-0.05880799999999999
2021-12-18,9411.92,-5.880799999999997,10000.0,-0.05880799999999999
2021-12-22,9411.92,-5.880799999999997,10000.0,-0.05880799999999999
2021-12-29,9411.92,-5.880799999999997,10000.0,-0.05880799999999999
2022-01-01,9411.92,-5.880799999999997,10000.0,-0.05880799999999999
2022-01-05,9411.92,-5.880799999999997,10000.0,-0.05880799999999999
2022-01-09,9411.92,-5.880799999999997,10000.0,-0.05880799999999999
2022-01-12,9411.92,-5.880799999999997,10000.0,-0.05880799999999999
2022-01-16,9411.92,-5.880799999999997,10000.0,-0.05880799999999999
2022-01-19,9223.6816,-7.763184000000001,10000.0,-0.07763184000000001
2022-01-23,9223.6816,-7.763184000000001,10000.0,-0.07763184000000001
2022-01-26,9223.6816,-7.763184000000001,10000.0,-0.07763184000000001
2022-01-30,9223.6816,-7.763184000000001,10000.0,-0.07763184000000001
2022-02-06,10053.812944000001,0.5381294400000014,10053.812944000001,0.0
2022-02-09,10053.812944000001,0.5381294400000014,10053.812944000001,0.0
2022-02-12,10053.812944000001,0.5381294400000014,10053.812944000001,0.0
2022-02-16,10053.812944000001,0.5381294400000014,10053.812944000001,0.0
2022-02-20,10053.812944000001,0.5381294400000014,10053.812944000001,0.0
2022-02-23,10053.812944000001,0.5381294400000014,10053.812944000001,0.0
2022-02-27,10053.812944000001,0.5381294400000014,10053.812944000001,0.0
2022-03-02,10053.812944000001,0.5381294400000014,10053.812944000001,0.0
2022-03-06,10053.812944000001,0.5381294400000014,10053.812944000001,0.0
2022-03-09,10053.812944000001,0.5381294400000014,10053.812944000001,0.0
2022-03-12,10053.812944000001,0.5381294400000014,10053.812944000001,0.0
2022-03-16,10053.812944000001,0.5381294400000014,10053.812944000001,0.0
2022-03-20,10053.812944000001,0.5381294400000014,10053.812944000001,0.0
2022-03-23,10053.812944000001,0.5381294400000014,10053.812944000001,0.0
2022-03-27,10053.812944000001,0.5381294400000014,10053.812944000001,0.0
2022-03-30,10053.812944000001,0.5381294400000014,10053.812944000001,0.0
2022-04-03,10053.812944000001,0.5381294400000014,10053.812944000001,0.0
2022-04-06,10053.812944000001,0.5381294400000014,10053.812944000001,0.0
2022-04-10,10053.812944000001,0.5381294400000014,10053.812944000001,0.0
2022-04-13,10053.812944000001,0.5381294400000014,10053.812944000001,0.0
2022-04-16,10053.812944000001,0.5381294400000014,10053.812944000001,0.0
2022-04-20,9852.73668512,-1.4726331487999955,10053.812944000001,-0.020000000000000073
2022-04-24,9852.73668512,-1.4726331487999955,10053.812944000001,-0.020000000000000073
2022-04-27,9852.73668512,-1.4726331487999955,10053.812944000001,-0.020000000000000073
2022-05-01,9852.73668512,-1.4726331487999955,10053.812944000001,-0.020000000000000073
2022-05-04,9852.73668512,-1.4726331487999955,10053.812944000001,-0.020000000000000073
2022-05-07,9852.73668512,-1.4726331487999955,10053.812944000001,-0.020000000000000073
2022-05-11,9852.73668512,-1.4726331487999955,10053.812944000001,-0.020000000000000073
2022-05-15,9852.73668512,-1.4726331487999955,10053.812944000001,-0.020000000000000073
2022-05-18,9852.73668512,-1.4726331487999955,10053.812944000001,-0.020000000000000073
2022-05-22,9852.73668512,-1.4726331487999955,10053.812944000001,-0.020000000000000073
2022-05-25,9852.73668512,-1.4726331487999955,10053.812944000001,-0.020000000000000073
2022-05-29,9655.6819514176,-3.4431804858239934,10053.812944000001,-0.039600000000000066
2022-06-01,9655.6819514176,-3.4431804858239934,10053.812944000001,-0.039600000000000066
2022-06-05,9655.6819514176,-3.4431804858239934,10053.812944000001,-0.039600000000000066
2022-06-08,9655.6819514176,-3.4431804858239934,10053.812944000001,-0.039600000000000066
2022-06-12,9655.6819514176,-3.4431804858239934,10053.812944000001,-0.039600000000000066
2022-06-19,9655.6819514176,-3.4431804858239934,10053.812944000001,-0.039600000000000066
2022-06-22,9655.6819514176,-3.4431804858239934,10053.812944000001,-0.039600000000000066
2022-06-25,9655.6819514176,-3.4431804858239934,10053.812944000001,-0.039600000000000066
2022-07-06,9655.6819514176,-3.4431804858239934,10053.812944000001,-0.039600000000000066
2022-07-10,9655.6819514176,-3.4431804858239934,10053.812944000001,-0.039600000000000066
2022-07-13,9462.568312389249,-5.37431687610751,10053.812944000001,-0.05880800000000005
2022-09-11,9462.568312389249,-5.37431687610751,10053.812944000001,-0.05880800000000005
2022-09-14,9273.316946141464,-7.266830538585367,10053.812944000001,-0.07763184000000005
2022-09-18,9273.316946141464,-7.266830538585367,10053.812944000001,-0.07763184000000005
2022-09-21,9273.316946141464,-7.266830538585367,10053.812944000001,-0.07763184000000005
2022-09-25,9087.850607218634,-9.121493927813662,10053.812944000001,-0.0960792032000001
2022-09-28,9087.850607218634,-9.121493927813662,10053.812944000001,-0.0960792032000001
2022-10-01,9087.850607218634,-9.121493927813662,10053.812944000001,-0.0960792032000001
2022-10-05,9087.850607218634,-9.121493927813662,10053.812944000001,-0.0960792032000001
2022-10-09,9087.850607218634,-9.121493927813662,10053.812944000001,-0.0960792032000001
2022-10-12,9087.850607218634,-9.121493927813662,10053.812944000001,-0.0960792032000001
2022-10-16,9087.850607218634,-9.121493927813662,10053.812944000001,-0.0960792032000001
2022-10-19,9087.850607218634,-9.121493927813662,10053.812944000001,-0.0960792032000001
2022-10-23,9087.850607218634,-9.121493927813662,10053.812944000001,-0.0960792032000001
2022-10-26,9087.850607218634,-9.121493927813662,10053.812944000001,-0.0960792032000001
2022-10-30,9087.850607218634,-9.121493927813662,10053.812944000001,-0.0960792032000001
2022-11-06,9087.850607218634,-9.121493927813662,10053.812944000001,-0.0960792032000001
2022-11-09,9087.850607218634,-9.121493927813662,10053.812944000001,-0.0960792032000001
2022-11-12,9087.850607218634,-9.121493927813662,10053.812944000001,-0.0960792032000001
2022-11-16,9087.850607218634,-9.121493927813662,10053.812944000001,-0.0960792032000001
2022-11-20,9087.850607218634,-9.121493927813662,10053.812944000001,-0.0960792032000001
2022-11-23,9087.850607218634,-9.121493927813662,10053.812944000001,-0.0960792032000001
2022-11-27,9087.850607218634,-9.121493927813662,10053.812944000001,-0.0960792032000001
2022-11-30,9087.850607218634,-9.121493927813662,10053.812944000001,-0.0960792032000001
2022-12-04,9087.850607218634,-9.121493927813662,10053.812944000001,-0.0960792032000001
2022-12-07,9087.850607218634,-9.121493927813662,10053.812944000001,-0.0960792032000001
2022-12-11,9087.850607218634,-9.121493927813662,10053.812944000001,-0.0960792032000001
2022-12-14,9087.850607218634,-9.121493927813662,10053.812944000001,-0.0960792032000001
2022-12-18,9087.850607218634,-9.121493927813662,10053.812944000001,-0.0960792032000001
2022-12-21,9087.850607218634,-9.121493927813662,10053.812944000001,-0.0960792032000001
2022-12-24,9087.850607218634,-9.121493927813662,10053.812944000001,-0.0960792032000001
2022-12-28,9087.850607218634,-9.121493927813662,10053.812944000001,-0.0960792032000001
2023-01-01,9087.850607218634,-9.121493927813662,10053.812944000001,-0.0960792032000001
2023-01-04,9087.850607218634,-9.121493927813662,10053.812944000001,-0.0960792032000001
2023-01-08,9087.850607218634,-9.121493927813662,10053.812944000001,-0.0960792032000001
2023-01-11,9087.850607218634,-9.121493927813662,10053.812944000001,-0.0960792032000001
2023-01-15,9087.850607218634,-9.121493927813662,10053.812944000001,-0.0960792032000001
2023-01-18,9087.850607218634,-9.121493927813662,10053.812944000001,-0.0960792032000001
2023-01-21,9087.850607218634,-9.121493927813662,10053.812944000001,-0.0960792032000001
2023-01-29,9087.850607218634,-9.121493927813662,10053.812944000001,-0.0960792032000001
2023-02-01,9087.850607218634,-9.121493927813662,10053.812944000001,-0.0960792032000001
2023-02-05,9087.850607218634,-9.121493927813662,10053.812944000001,-0.0960792032000001
2023-02-08,8906.09359507426,-10.939064049257397,10053.812944000001,-0.11415761913600016
2023-02-12,8906.09359507426,-10.939064049257397,10053.812944000001,-0.11415761913600016
2023-02-15,8906.09359507426,-10.939064049257397,10053.812944000001,-0.11415761913600016
2023-02-19,8906.09359507426,-10.939064049257397,10053.812944000001,-0.11415761913600016
2023-02-22,8906.09359507426,-10.939064049257397,10053.812944000001,-0.11415761913600016
2023-02-26,8906.09359507426,-10.939064049257397,10053.812944000001,-0.11415761913600016
2023-03-01,8906.09359507426,-10.939064049257397,10053.812944000001,-0.11415761913600016
2023-03-05,8906.09359507426,-10.939064049257397,10053.812944000001,-0.11415761913600016
2023-03-08,8906.09359507426,-10.939064049257397,10053.812944000001,-0.11415761913600016
2023-03-11,8906.09359507426,-10.939064049257397,10053.812944000001,-0.11415761913600016
2023-03-15,8906.09359507426,-10.939064049257397,10053.812944000001,-0.11415761913600016
2023-03-19,8906.09359507426,-10.939064049257397,10053.812944000001,-0.11415761913600016
2023-03-22,8906.09359507426,-10.939064049257397,10053.812944000001,-0.11415761913600016
2023-03-26,8906.09359507426,-10.939064049257397,10053.812944000001,-0.11415761913600016
2023-03-29,8906.09359507426,-10.939064049257397,10053.812944000001,-0.11415761913600016
2023-04-02,8906.09359507426,-10.939064049257397,10053.812944000001,-0.11415761913600016
2023-04-09,8906.09359507426,-10.939064049257397,10053.812944000001,-0.11415761913600016
2023-04-12,8906.09359507426,-10.939064049257397,10053.812944000001,-0.11415761913600016
2023-04-15,8906.09359507426,-10.939064049257397,10053.812944000001,-0.11415761913600016
2023-04-19,8906.09359507426,-10.939064049257397,10053.812944000001,-0.11415761913600016
2023-04-23,8906.09359507426,-10.939064049257397,10053.812944000001,-0.11415761913600016
2023-04-26,8906.09359507426,-10.939064049257397,10053.812944000001,-0.11415761913600016
2023-04-30,8906.09359507426,-10.939064049257397,10053.812944000001,-0.11415761913600016
2023-05-03,8906.09359507426,-10.939064049257397,10053.812944000001,-0.11415761913600016
2023-05-07,8906.09359507426,-10.939064049257397,10053.812944000001,-0.11415761913600016
2023-05-10,9885.76389053243,-1.1423610946757035,10053.812944000001,-0.016714957240960168
2023-05-13,9885.76389053243,-1.1423610946757035,10053.812944000001,-0.016714957240960168
2023-05-17,9885.76389053243,-1.1423610946757035,10053.812944000001,-0.016714957240960168
2023-05-21,9885.76389053243,-1.1423610946757035,10053.812944000001,-0.016714957240960168
2023-05-24,9885.76389053243,-1.1423610946757035,10053.812944000001,-0.016714957240960168
2023-05-28,9885.76389053243,-1.1423610946757035,10053.812944000001,-0.016714957240960168
2023-05-31,9885.76389053243,-1.1423610946757035,10053.812944000001,-0.016714957240960168
2023-06-04,9885.76389053243,-1.1423610946757035,10053.812944000001,-0.016714957240960168
2023-06-07,9885.76389053243,-1.1423610946757035,10053.812944000001,-0.016714957240960168
2023-06-10,9885.76389053243,-1.1423610946757035,10053.812944000001,-0.016714957240960168
2023-06-14,9885.76389053243,-1.1423610946757035,10053.812944000001,-0.016714957240960168
2023-06-18,9885.76389053243,-1.1423610946757035,10053.812944000001,-0.016714957240960168
2023-06-25,9885.76389053243,-1.1423610946757035,10053.812944000001,-0.016714957240960168
2023-06-28,9885.76389053243,-1.1423610946757035,10053.812944000001,-0.016714957240960168
2023-07-01,9885.76389053243,-1.1423610946757035,10053.812944000001,-0.016714957240960168
2023-07-09,9885.76389053243,-1.1423610946757035,10053.812944000001,-0.016714957240960168
2023-07-12,9885.76389053243,-1.1423610946757035,10053.812944000001,-0.016714957240960168
2023-09-10,9885.76389053243,-1.1423610946757035,10053.812944000001,-0.016714957240960168
2023-09-13,9688.048612721781,-3.119513872782187,10053.812944000001,-0.03638065809614094
2023-09-17,9688.048612721781,-3.119513872782187,10053.812944000001,-0.03638065809614094
2023-09-20,9688.048612721781,-3.119513872782187,10053.812944000001,-0.03638065809614094
2023-09-24,9688.048612721781,-3.119513872782187,10053.812944000001,-0.03638065809614094
2023-09-27,9688.048612721781,-3.119513872782187,10053.812944000001,-0.03638065809614094
2023-10-01,9688.048612721781,-3.119513872782187,10053.812944000001,-0.03638065809614094
2023-10-04,9688.048612721781,-3.119513872782187,10053.812944000001,-0.03638065809614094
2023-10-11,9688.048612721781,-3.119513872782187,10053.812944000001,-0.03638065809614094
2023-10-15,9688.048612721781,-3.119513872782187,10053.812944000001,-0.03638065809614094
2023-10-18,9688.048612721781,-3.119513872782187,10053.812944000001,-0.03638065809614094
2023-10-22,9688.048612721781,-3.119513872782187,10053.812944000001,-0.03638065809614094
2023-10-25,9688.048612721781,-3.119513872782187,10053.812944000001,-0.03638065809614094
2023-10-29,9688.048612721781,-3.119513872782187,10053.812944000001,-0.03638065809614094
2023-11-01,9688.048612721781,-3.119513872782187,10053.812944000001,-0.03638065809614094
2023-11-05,9688.048612721781,-3.119513872782187,10053.812944000001,-0.03638065809614094
2023-11-08,9688.048612721781,-3.119513872782187,10053.812944000001,-0.03638065809614094
2023-11-11,9688.048612721781,-3.119513872782187,10053.812944000001,-0.03638065809614094
2023-11-15,9688.048612721781,-3.119513872782187,10053.812944000001,-0.03638065809614094
2023-11-19,9688.048612721781,-3.119513872782187,10053.812944000001,-0.03638065809614094
2023-11-22,9688.048612721781,-3.119513872782187,10053.812944000001,-0.03638065809614094
2023-11-26,9494.287640467346,-5.057123595326541,10053.812944000001,-0.05565304493421804
2023-11-29,9494.287640467346,-5.057123595326541,10053.812944000001,-0.05565304493421804
2023-12-03,9494.287640467346,-5.057123595326541,10053.812944000001,-0.05565304493421804
2023-12-06,9304.401887658,-6.955981123420008,10053.812944000001,-0.07453998403553366
2023-12-10,9304.401887658,-6.955981123420008,10053.812944000001,-0.07453998403553366
2023-12-13,9304.401887658,-6.955981123420008,10053.812944000001,-0.07453998403553366
2023-12-17,9304.401887658,-6.955981123420008,10053.812944000001,-0.07453998403553366
2023-12-20,9304.401887658,-6.955981123420008,10053.812944000001,-0.07453998403553366
2023-12-23,9304.401887658,-6.955981123420008,10053.812944000001,-0.07453998403553366
2024-01-07,9304.401887658,-6.955981123420008,10053.812944000001,-0.07453998403553366
2024-01-10,9304.401887658,-6.955981123420008,10053.812944000001,-0.07453998403553366
2024-01-13,9304.401887658,-6.955981123420008,10053.812944000001,-0.07453998403553366
2024-01-17,9304.401887658,-6.955981123420008,10053.812944000001,-0.07453998403553366
2024-01-21,9304.401887658,-6.955981123420008,10053.812944000001,-0.07453998403553366
2024-01-24,9304.401887658,-6.955981123420008,10053.812944000001,-0.07453998403553366
2024-01-28,9304.401887658,-6.955981123420008,10053.812944000001,-0.07453998403553366
2024-01-31,9304.401887658,-6.955981123420008,10053.812944000001,-0.07453998403553366
2024-02-04,9304.401887658,-6.955981123420008,10053.812944000001,-0.07453998403553366
2024-02-07,9304.401887658,-6.955981123420008,10053.812944000001,-0.07453998403553366
2024-02-18,9304.401887658,-6.955981123420008,10053.812944000001,-0.07453998403553366
2024-02-21,9304.401887658,-6.955981123420008,10053.812944000001,-0.07453998403553366
2024-02-25,9304.401887658,-6.955981123420008,10053.812944000001,-0.07453998403553366
2024-02-28,9304.401887658,-6.955981123420008,10053.812944000001,-0.07453998403553366
2024-03-03,9304.401887658,-6.955981123420008,10053.812944000001,-0.07453998403553366
2024-03-06,9304.401887658,-6.955981123420008,10053.812944000001,-0.07453998403553366
2024-03-10,9304.401887658,-6.955981123420008,10053.812944000001,-0.07453998403553366
2024-03-13,9304.401887658,-6.955981123420008,10053.812944000001,-0.07453998403553366
2024-03-16,9304.401887658,-6.955981123420008,10053.812944000001,-0.07453998403553366
2024-03-20,9304.401887658,-6.955981123420008,10053.812944000001,-0.07453998403553366
2024-03-24,9304.401887658,-6.955981123420008,10053.812944000001,-0.07453998403553366
2024-03-27,9304.401887658,-6.955981123420008,10053.812944000001,-0.07453998403553366
2024-03-31,9304.401887658,-6.955981123420008,10053.812944000001,-0.07453998403553366
2024-04-03,9304.401887658,-6.955981123420008,10053.812944000001,-0.07453998403553366
2024-04-07,9304.401887658,-6.955981123420008,10053.812944000001,-0.07453998403553366
2024-04-10,9304.401887658,-6.955981123420008,10053.812944000001,-0.07453998403553366
2024-04-14,9304.401887658,-6.955981123420008,10053.812944000001,-0.07453998403553366
2024-04-17,9304.401887658,-6.955981123420008,10053.812944000001,-0.07453998403553366
2024-04-20,9304.401887658,-6.955981123420008,10053.812944000001,-0.07453998403553366
2024-04-24,9304.401887658,-6.955981123420008,10053.812944000001,-0.07453998403553366
2024-04-28,9304.401887658,-6.955981123420008,10053.812944000001,-0.07453998403553366
2024-05-01,9304.401887658,-6.955981123420008,10053.812944000001,-0.07453998403553366
2024-05-05,9304.401887658,-6.955981123420008,10053.812944000001,-0.07453998403553366
2024-05-08,9304.401887658,-6.955981123420008,10053.812944000001,-0.07453998403553366
2024-05-11,9304.401887658,-6.955981123420008,10053.812944000001,-0.07453998403553366
2024-05-15,9304.401887658,-6.955981123420008,10053.812944000001,-0.07453998403553366
2024-05-19,9304.401887658,-6.955981123420008,10053.812944000001,-0.07453998403553366
2024-05-22,9304.401887658,-6.955981123420008,10053.812944000001,-0.07453998403553366
2024-05-26,9118.31384990484,-8.8168615009516,10053.812944000001,-0.09304918435482293
2024-05-29,9118.31384990484,-8.8168615009516,10053.812944000001,-0.09304918435482293
2024-06-02,9118.31384990484,-8.8168615009516,10053.812944000001,-0.09304918435482293
2024-06-05,9118.31384990484,-8.8168615009516,10053.812944000001,-0.09304918435482293
2024-06-08,9118.31384990484,-8.8168615009516,10053.812944000001,-0.09304918435482293
2024-06-12,9118.31384990484,-8.8168615009516,10053.812944000001,-0.09304918435482293
2024-06-15,9118.31384990484,-8.8168615009516,10053.812944000001,-0.09304918435482293
2024-06-23,9118.31384990484,-8.8168615009516,10053.812944000001,-0.09304918435482293
2024-06-26,9118.31384990484,-8.8168615009516,10053.812944000001,-0.09304918435482293
2024-07-06,8935.947572906744,-10.640524270932561,10053.812944000001,-0.11118820066772644
2024-07-10,8935.947572906744,-10.640524270932561,10053.812944000001,-0.11118820066772644
2024-07-14,8935.947572906744,-10.640524270932561,10053.812944000001,-0.11118820066772644
2024-09-08,8935.947572906744,-10.640524270932561,10053.812944000001,-0.11118820066772644
2024-09-11,8935.947572906744,-10.640524270932561,10053.812944000001,-0.11118820066772644
2024-09-15,8935.947572906744,-10.640524270932561,10053.812944000001,-0.11118820066772644
2024-09-18,8935.947572906744,-10.640524270932561,10053.812944000001,-0.11118820066772644
2024-09-22,8935.947572906744,-10.640524270932561,10053.812944000001,-0.11118820066772644
2024-09-25,8935.947572906744,-10.640524270932561,10053.812944000001,-0.11118820066772644
2024-09-28,8757.228621448608,-12.427713785513916,10053.812944000001,-0.12896443665437193
2024-10-06,8757.228621448608,-12.427713785513916,10053.812944000001,-0.12896443665437193
2024-10-09,8757.228621448608,-12.427713785513916,10053.812944000001,-0.12896443665437193
2024-10-13,8757.228621448608,-12.427713785513916,10053.812944000001,-0.12896443665437193
2024-10-16,8757.228621448608,-12.427713785513916,10053.812944000001,-0.12896443665437193
2024-10-20,8757.228621448608,-12.427713785513916,10053.812944000001,-0.12896443665437193
2024-10-23,8582.084049019637,-14.179159509803629,10053.812944000001,-0.14638514792128443
2024-10-27,9251.486604843169,-7.485133951568312,10053.812944000001,-0.07980318945914461
2024-10-30,9251.486604843169,-7.485133951568312,10053.812944000001,-0.07980318945914461
2024-11-03,9251.486604843169,-7.485133951568312,10053.812944000001,-0.07980318945914461
2024-11-06,9251.486604843169,-7.485133951568312,10053.812944000001,-0.07980318945914461
2024-11-09,9251.486604843169,-7.485133951568312,10053.812944000001,-0.07980318945914461
2024-11-13,9251.486604843169,-7.485133951568312,10053.812944000001,-0.07980318945914461
2024-11-17,9251.486604843169,-7.485133951568312,10053.812944000001,-0.07980318945914461
2024-11-20,9251.486604843169,-7.485133951568312,10053.812944000001,-0.07980318945914461
2024-11-24,9251.486604843169,-7.485133951568312,10053.812944000001,-0.07980318945914461
2024-11-27,9251.486604843169,-7.485133951568312,10053.812944000001,-0.07980318945914461
2024-12-01,9251.486604843169,-7.485133951568312,10053.812944000001,-0.07980318945914461
2024-12-04,9251.486604843169,-7.485133951568312,10053.812944000001,-0.07980318945914461
2024-12-08,9066.456872746305,-9.335431272536955,10053.812944000001,-0.09820712566996177
2024-12-11,9066.456872746305,-9.335431272536955,10053.812944000001,-0.09820712566996177
2024-12-15,9066.456872746305,-9.335431272536955,10053.812944000001,-0.09820712566996177
2024-12-18,9066.456872746305,-9.335431272536955,10053.812944000001,-0.09820712566996177
2024-12-22,9066.456872746305,-9.335431272536955,10053.812944000001,-0.09820712566996177
2024-12-29,9066.456872746305,-9.335431272536955,10053.812944000001,-0.09820712566996177
2025-01-01,9846.172163802486,-1.5382783619751317,10053.812944000001,-0.020652938477578528
2025-01-05,9846.172163802486,-1.5382783619751317,10053.812944000001,-0.020652938477578528
2025-01-08,9846.172163802486,-1.5382783619751317,10053.812944000001,-0.020652938477578528
2025-01-12,9846.172163802486,-1.5382783619751317,10053.812944000001,-0.020652938477578528
2025-01-15,9846.172163802486,-1.5382783619751317,10053.812944000001,-0.020652938477578528
2025-01-19,9649.248720526437,-3.5075127947356344,10053.812944000001,-0.040239879708026935
2025-01-22,9649.248720526437,-3.5075127947356344,10053.812944000001,-0.040239879708026935
2025-01-26,9649.248720526437,-3.5075127947356344,10053.812944000001,-0.040239879708026935
2025-02-05,9649.248720526437,-3.5075127947356344,10053.812944000001,-0.040239879708026935
2025-02-09,9456.263746115908,-5.437362538840917,10053.812944000001,-0.05943508211386638
2025-02-12,9456.263746115908,-5.437362538840917,10053.812944000001,-0.05943508211386638
2025-02-16,9456.263746115908,-5.437362538840917,10053.812944000001,-0.05943508211386638
2025-02-19,9456.263746115908,-5.437362538840917,10053.812944000001,-0.05943508211386638
2025-02-23,9456.263746115908,-5.437362538840917,10053.812944000001,-0.05943508211386638
2025-02-26,9267.13847119359,-7.3286152880641,10053.812944000001,-0.07824638047158909
2025-03-02,9267.13847119359,-7.3286152880641,10053.812944000001,-0.07824638047158909
2025-03-05,9267.13847119359,-7.3286152880641,10053.812944000001,-0.07824638047158909
2025-03-09,9267.13847119359,-7.3286152880641,10053.812944000001,-0.07824638047158909
2025-03-12,9267.13847119359,-7.3286152880641,10053.812944000001,-0.07824638047158909
2025-03-15,9267.13847119359,-7.3286152880641,10053.812944000001,-0.07824638047158909
2025-03-19,9267.13847119359,-7.3286152880641,10053.812944000001,-0.07824638047158909
2025-03-23,9267.13847119359,-7.3286152880641,10053.812944000001,-0.07824638047158909
2025-03-26,9267.13847119359,-7.3286152880641,10053.812944000001,-0.07824638047158909
2025-03-30,9267.13847119359,-7.3286152880641,10053.812944000001,-0.07824638047158909
2025-04-02,9267.13847119359,-7.3286152880641,10053.812944000001,-0.07824638047158909
2025-04-06,9267.13847119359,-7.3286152880641,10053.812944000001,-0.07824638047158909
2025-04-09,9267.13847119359,-7.3286152880641,10053.812944000001,-0.07824638047158909
2025-04-13,9267.13847119359,-7.3286152880641,10053.812944000001,-0.07824638047158909
2025-04-16,9267.13847119359,-7.3286152880641,10053.812944000001,-0.07824638047158909
2025-04-20,10082.646656658624,0.8264665665862481,10082.646656658624,0.0
2025-04-23,10082.646656658624,0.8264665665862481,10082.646656658624,0.0
2025-04-27,9880.993723525451,-1.190062764745492,10082.646656658624,-0.02000000000000006
2025-04-30,9880.993723525451,-1.190062764745492,10082.646656658624,-0.02000000000000006
2025-05-04,9880.993723525451,-1.190062764745492,10082.646656658624,-0.02000000000000006
2025-05-07,9880.993723525451,-1.190062764745492,10082.646656658624,-0.02000000000000006
2025-05-10,9880.993723525451,-1.190062764745492,10082.646656658624,-0.02000000000000006
2025-05-14,9880.993723525451,-1.190062764745492,10082.646656658624,-0.02000000000000006
2025-05-18,9880.993723525451,-1.190062764745492,10082.646656658624,-0.02000000000000006
2025-05-21,9880.993723525451,-1.190062764745492,10082.646656658624,-0.02000000000000006
2025-05-25,9880.993723525451,-1.190062764745492,10082.646656658624,-0.02000000000000006
2025-05-28,9880.993723525451,-1.190062764745492,10082.646656658624,-0.02000000000000006
2025-05-31,9880.993723525451,-1.190062764745492,10082.646656658624,-0.02000000000000006
2025-06-04,9880.993723525451,-1.190062764745492,10082.646656658624,-0.02000000000000006
2025-06-08,10631.949246513386,6.319492465133858,10631.949246513386,0.0
2025-06-11,10631.949246513386,6.319492465133858,10631.949246513386,0.0
2025-06-14,10631.949246513386,6.319492465133858,10631.949246513386,0.0
2025-06-22,10631.949246513386,6.319492465133858,10631.949246513386,0.0
2025-06-25,11546.296881713539,15.46296881713538,11546.296881713539,0.0
2025-06-28,11315.370944079268,13.153709440792682,11546.296881713539,-0.01999999999999999
2025-07-05,11089.063525197682,10.890635251976821,11546.296881713539,-0.03960000000000007
2025-07-09,11089.063525197682,10.890635251976821,11546.296881713539,-0.03960000000000007
2025-07-13,11089.063525197682,10.890635251976821,11546.296881713539,-0.03960000000000007
2025-09-07,11089.063525197682,10.890635251976821,11546.296881713539,-0.03960000000000007
2025-09-10,11089.063525197682,10.890635251976821,11546.296881713539,-0.03960000000000007
2025-09-14,11089.063525197682,10.890635251976821,11546.296881713539,-0.03960000000000007
2025-09-17,11089.063525197682,10.890635251976821,11546.296881713539,-0.03960000000000007
2025-09-21,11089.063525197682,10.890635251976821,11546.296881713539,-0.03960000000000007
2025-09-28,11089.063525197682,10.890635251976821,11546.296881713539,-0.03960000000000007
2025-10-01,11089.063525197682,10.890635251976821,11546.296881713539,-0.03960000000000007
2025-10-04,11089.063525197682,10.890635251976821,11546.296881713539,-0.03960000000000007
2025-10-08,11089.063525197682,10.890635251976821,11546.296881713539,-0.03960000000000007
2025-10-12,11089.063525197682,10.890635251976821,11546.296881713539,-0.03960000000000007
2025-10-15,11089.063525197682,10.890635251976821,11546.296881713539,-0.03960000000000007
2025-10-19,11089.063525197682,10.890635251976821,11546.296881713539,-0.03960000000000007
2025-10-22,11089.063525197682,10.890635251976821,11546.296881713539,-0.03960000000000007
2025-10-26,10867.282254693728,8.672822546937287,11546.296881713539,-0.05880800000000011
2025-11-02,10867.282254693728,8.672822546937287,11546.296881713539,-0.05880800000000011
2025-11-05,12258.294383294526,22.582943832945258,12258.294383294526,0.0
2025-11-09,12258.294383294526,22.582943832945258,12258.294383294526,0.0
2025-11-12,12258.294383294526,22.582943832945258,12258.294383294526,0.0
2025-11-15,12258.294383294526,22.582943832945258,12258.294383294526,0.0
2025-11-19,12258.294383294526,22.582943832945258,12258.294383294526,0.0
2025-11-23,12258.294383294526,22.582943832945258,12258.294383294526,0.0
2025-11-26,12258.294383294526,22.582943832945258,12258.294383294526,0.0
2025-11-30,13310.546373156527,33.105463731565266,13310.546373156527,0.0
2025-12-03,13310.546373156527,33.105463731565266,13310.546373156527,0.0
2025-12-07,13310.546373156527,33.105463731565266,13310.546373156527,0.0
2025-12-10,13310.546373156527,33.105463731565266,13310.546373156527,0.0
2025-12-14,13310.546373156527,33.105463731565266,13310.546373156527,0.0
2025-12-17,13310.546373156527,33.105463731565266,13310.546373156527,0.0
2025-12-20,13310.546373156527,33.105463731565266,13310.546373156527,0.0
2025-12-27,13310.546373156527,33.105463731565266,13310.546373156527,0.0
2026-01-04,13310.546373156527,33.105463731565266,13310.546373156527,0.0
2026-01-07,13310.546373156527,33.105463731565266,13310.546373156527,0.0
2026-01-11,13310.546373156527,33.105463731565266,13310.546373156527,0.0
2026-01-14,13044.335445693396,30.443354456933957,13310.546373156527,-0.020000000000000046
2026-01-18,14061.79361045748,40.6179361045748,14061.79361045748,0.0
2026-01-21,14061.79361045748,40.6179361045748,14061.79361045748,0.0
2026-01-25,14061.79361045748,40.6179361045748,14061.79361045748,0.0
2026-01-28,14061.79361045748,40.6179361045748,14061.79361045748,0.0
2026-02-01,14061.79361045748,40.6179361045748,14061.79361045748,0.0
2026-02-04,14061.79361045748,40.6179361045748,14061.79361045748,0.0
2026-02-08,14061.79361045748,40.6179361045748,14061.79361045748,0.0
2026-02-11,14061.79361045748,40.6179361045748,14061.79361045748,0.0
2026-02-14,14061.79361045748,40.6179361045748,14061.79361045748,0.0
2026-02-22,14061.79361045748,40.6179361045748,14061.79361045748,0.0
2026-02-25,14061.79361045748,40.6179361045748,14061.79361045748,0.0
2026-03-22,13504.946583483363,35.04946583483364,14061.79361045748,-0.039600000000000087
2026-03-25,13504.946583483363,35.04946583483364,14061.79361045748,-0.039600000000000087
2026-03-29,13234.847651813696,32.34847651813695,14061.79361045748,-0.058808000000000055
2026-04-01,13234.847651813696,32.34847651813695,14061.79361045748,-0.058808000000000055
2026-04-08,13234.847651813696,32.34847651813695,14061.79361045748,-0.058808000000000055
2026-04-12,14399.514245173303,43.99514245173304,14399.514245173303,0.0
2026-04-19,14399.514245173303,43.99514245173304,14399.514245173303,0.0
2026-04-22,14399.514245173303,43.99514245173304,14399.514245173303,0.0
2026-04-26,14399.514245173303,43.99514245173304,14399.514245173303,0.0
2026-04-29,14399.514245173303,43.99514245173304,14399.514245173303,0.0
2026-05-03,14399.514245173303,43.99514245173304,14399.514245173303,0.0
2026-05-06,14399.514245173303,43.99514245173304,14399.514245173303,0.0
2026-05-09,14111.523960269837,41.11523960269836,14399.514245173303,-0.020000000000000004
2026-05-13,13829.29348106444,38.2929348106444,14399.514245173303,-0.03959999999999998
2026-05-17,13829.29348106444,38.2929348106444,14399.514245173303,-0.03959999999999998
2026-05-20,13829.29348106444,38.2929348106444,14399.514245173303,-0.03959999999999998
2026-05-24,13829.29348106444,38.2929348106444,14399.514245173303,-0.03959999999999998
2026-05-27,13829.29348106444,38.2929348106444,14399.514245173303,-0.03959999999999998
2026-05-31,13829.29348106444,38.2929348106444,14399.514245173303,-0.03959999999999998
2026-06-03,13829.29348106444,38.2929348106444,14399.514245173303,-0.03959999999999998
2026-06-07,13829.29348106444,38.2929348106444,14399.514245173303,-0.03959999999999998
2026-06-10,13829.29348106444,38.2929348106444,14399.514245173303,-0.03959999999999998
2026-06-13,13829.29348106444,38.2929348106444,14399.514245173303,-0.03959999999999998
2026-06-21,13829.29348106444,38.2929348106444,14399.514245173303,-0.03959999999999998
2026-06-24,13829.29348106444,38.2929348106444,14399.514245173303,-0.03959999999999998
2026-06-27,13829.29348106444,38.2929348106444,14399.514245173303,-0.03959999999999998
2026-07-01,13829.29348106444,38.2929348106444,14399.514245173303,-0.03959999999999998
2026-07-04,13829.29348106444,38.2929348106444,14399.514245173303,-0.03959999999999998
2026-07-08,13568.21639174046,35.682163917404594,14399.514245173303,-0.05773096503664997
2026-07-12,13568.21639174046,35.682163917404594,14399.514245173303,-0.05773096503664997
2026-07-15,13296.85206390565,32.968520639056486,14399.514245173303,-0.07657634573591703
