race_id,race_date,venue,race_no,pool,combo,combo_codes,dividend
2026-05-17_Race1,2026-05-17,ST,1,WIN,6,J182,89.5
2026-05-17_Race1,2026-05-17,ST,1,PLACE,6,J182,26.0
2026-05-17_Race1,2026-05-17,ST,1,PLACE,10,J524,13.0
2026-05-17_Race1,2026-05-17,ST,1,PLACE,7,D241,137.5
2026-05-17_Race1,2026-05-17,ST,1,QUINELLA,"6,10",J182/J524,136.5
2026-05-17_Race1,2026-05-17,ST,1,QPL,"6,10",J182/J524,56.0
2026-05-17_Race1,2026-05-17,ST,1,QPL,"6,7",J182/D241,541.5
2026-05-17_Race1,2026-05-17,ST,1,QPL,"7,10",D241/J524,435.0
2026-05-17_Race1,2026-05-17,ST,1,FORECAST,"6,10",J182/J524,416.0
2026-05-17_Race1,2026-05-17,ST,1,TIERCE,"6,10,7",J182/J524/D241,15074.0
2026-05-17_Race1,2026-05-17,ST,1,TRIO,"6,7,10",J182/D241/J524,3994.0
2026-05-17_Race1,2026-05-17,ST,1,FIRST4,"5,6,7,10",H447/J182/D241/J524,10070.0
2026-05-17_Race1,2026-05-17,ST,1,QUARTET,"6,10,7,5",J182/J524/D241/H447,144001.0
2026-05-17_Race2,2026-05-17,ST,2,WIN,14,K043,85.5
2026-05-17_Race2,2026-05-17,ST,2,PLACE,14,K043,27.0
2026-05-17_Race2,2026-05-17,ST,2,PLACE,10,L210,16.5
2026-05-17_Race2,2026-05-17,ST,2,PLACE,4,L325,29.0
2026-05-17_Race2,2026-05-17,ST,2,QUINELLA,"10,14",L210/K043,197.0
2026-05-17_Race2,2026-05-17,ST,2,QPL,"10,14",L210/K043,78.5
2026-05-17_Race2,2026-05-17,ST,2,QPL,"4,14",L325/K043,129.5
2026-05-17_Race2,2026-05-17,ST,2,QPL,"4,10",L325/L210,73.5
2026-05-17_Race2,2026-05-17,ST,2,FORECAST,"14,10",K043/L210,514.0
2026-05-17_Race2,2026-05-17,ST,2,TIERCE,"14,10,4",K043/L210/L325,3589.0
2026-05-17_Race2,2026-05-17,ST,2,TRIO,"4,10,14",L325/L210/K043,619.0
2026-05-17_Race2,2026-05-17,ST,2,FIRST4,"2,4,10,14",K586/L325/L210/K043,2696.0
2026-05-17_Race2,2026-05-17,ST,2,QUARTET,"14,10,4,2",K043/L210/L325/K586,56784.0
2026-05-17_Race3,2026-05-17,ST,3,WIN,3,J222,123.5
2026-05-17_Race3,2026-05-17,ST,3,PLACE,3,J222,40.5
2026-05-17_Race3,2026-05-17,ST,3,PLACE,11,J309,44.5
2026-05-17_Race3,2026-05-17,ST,3,PLACE,5,K049,34.0
2026-05-17_Race3,2026-05-17,ST,3,QUINELLA,"3,11",J222/J309,1188.0
2026-05-17_Race3,2026-05-17,ST,3,QPL,"3,11",J222/J309,345.5
2026-05-17_Race3,2026-05-17,ST,3,QPL,"3,5",J222/K049,311.5
2026-05-17_Race3,2026-05-17,ST,3,QPL,"5,11",K049/J309,304.0
2026-05-17_Race3,2026-05-17,ST,3,FORECAST,"3,11",J222/J309,2034.0
2026-05-17_Race3,2026-05-17,ST,3,TIERCE,"3,11,5",J222/J309/K049,21946.0
2026-05-17_Race3,2026-05-17,ST,3,TRIO,"3,5,11",J222/K049/J309,3667.0
2026-05-17_Race3,2026-05-17,ST,3,FIRST4,"3,5,7,11",J222/K049/J243/J309,4960.0
2026-05-17_Race3,2026-05-17,ST,3,QUARTET,"3,11,5,7",J222/J309/K049/J243,148806.0
2026-05-17_Race3,2026-05-17,ST,3,TRIO,"4,10,14/3,5,11",K189/J545/K049/J309,273787.0
2026-05-17_Race4,2026-05-17,ST,4,WIN,11,K391,75.5
2026-05-17_Race4,2026-05-17,ST,4,PLACE,11,K391,24.5
2026-05-17_Race4,2026-05-17,ST,4,PLACE,10,K277,18.0
2026-05-17_Race4,2026-05-17,ST,4,PLACE,8,L132,19.5
2026-05-17_Race4,2026-05-17,ST,4,QUINELLA,"10,11",K277/K391,204.0
2026-05-17_Race4,2026-05-17,ST,4,QPL,"10,11",K277/K391,64.5
2026-05-17_Race4,2026-05-17,ST,4,QPL,"8,11",L132/K391,88.0
2026-05-17_Race4,2026-05-17,ST,4,QPL,"8,10",L132/K277,57.5
2026-05-17_Race4,2026-05-17,ST,4,FORECAST,"11,10",K391/K277,428.0
2026-05-17_Race4,2026-05-17,ST,4,TIERCE,"11,10,8",K391/K277/L132,2357.0
2026-05-17_Race4,2026-05-17,ST,4,TRIO,"8,10,11",L132/K277/K391,376.0
2026-05-17_Race4,2026-05-17,ST,4,FIRST4,"1,8,10,11",L264/L132/K277/K391,252.0
2026-05-17_Race4,2026-05-17,ST,4,QUARTET,"11,10,8,1",K391/K277/L132/L264,8797.0
2026-05-17_Race5,2026-05-17,ST,5,WIN,7,L040,25.0
2026-05-17_Race5,2026-05-17,ST,5,PLACE,7,L040,12.5
2026-05-17_Race5,2026-05-17,ST,5,PLACE,3,K542,15.0
2026-05-17_Race5,2026-05-17,ST,5,PLACE,2,J217,71.0
2026-05-17_Race5,2026-05-17,ST,5,QUINELLA,"3,7",K542/L040,57.0
2026-05-17_Race5,2026-05-17,ST,5,QPL,"3,7",K542/L040,25.0
2026-05-17_Race5,2026-05-17,ST,5,QPL,"2,7",J217/L040,114.5
2026-05-17_Race5,2026-05-17,ST,5,QPL,"2,3",J217/K542,162.0
2026-05-17_Race5,2026-05-17,ST,5,FORECAST,"7,3",L040/K542,100.0
2026-05-17_Race5,2026-05-17,ST,5,TIERCE,"7,3,2",L040/K542/J217,1580.0
2026-05-17_Race5,2026-05-17,ST,5,TRIO,"2,3,7",J217/K542/L040,456.0
2026-05-17_Race5,2026-05-17,ST,5,FIRST4,"2,3,6,7",J217/K542/L364/L040,388.0
2026-05-17_Race5,2026-05-17,ST,5,QUARTET,"7,3,2,6",L040/K542/J217/L364,8382.0
2026-05-17_Race5,2026-05-17,ST,5,TRIO,"8,10,11/2,3,7",L101/G192/K542/L040,24607.0
2026-05-17_Race6,2026-05-17,ST,6,WIN,10,L121,53.5
2026-05-17_Race6,2026-05-17,ST,6,PLACE,10,L121,19.5
2026-05-17_Race6,2026-05-17,ST,6,PLACE,11,L095,118.0
2026-05-17_Race6,2026-05-17,ST,6,PLACE,2,K363,19.5
2026-05-17_Race6,2026-05-17,ST,6,QUINELLA,"10,11",L121/L095,896.0
2026-05-17_Race6,2026-05-17,ST,6,QPL,"10,11",L121/L095,247.0
2026-05-17_Race6,2026-05-17,ST,6,QPL,"2,10",K363/L121,46.0
2026-05-17_Race6,2026-05-17,ST,6,QPL,"2,11",K363/L095,300.5
2026-05-17_Race6,2026-05-17,ST,6,FORECAST,"10,11",L121/L095,1340.0
2026-05-17_Race6,2026-05-17,ST,6,TIERCE,"10,11,2",L121/L095/K363,7736.0
2026-05-17_Race6,2026-05-17,ST,6,TRIO,"2,10,11",K363/L121/L095,1271.0
2026-05-17_Race6,2026-05-17,ST,6,FIRST4,"2,8,10,11",K363/K266/L121/L095,2789.0
2026-05-17_Race6,2026-05-17,ST,6,QUARTET,"10,11,2,8",L121/L095/K363/K266,57711.0
2026-05-17_Race7,2026-05-17,ST,7,WIN,1,K080,35.5
2026-05-17_Race7,2026-05-17,ST,7,PLACE,1,K080,17.5
2026-05-17_Race7,2026-05-17,ST,7,PLACE,4,K058,17.5
2026-05-17_Race7,2026-05-17,ST,7,PLACE,3,K582,23.5
2026-05-17_Race7,2026-05-17,ST,7,QUINELLA,"1,4",K080/K058,100.5
2026-05-17_Race7,2026-05-17,ST,7,QPL,"1,4",K080/K058,42.5
2026-05-17_Race7,2026-05-17,ST,7,QPL,"1,3",K080/K582,60.0
2026-05-17_Race7,2026-05-17,ST,7,QPL,"3,4",K582/K058,62.5
2026-05-17_Race7,2026-05-17,ST,7,FORECAST,"1,4",K080/K058,195.0
2026-05-17_Race7,2026-05-17,ST,7,TIERCE,"1,4,3",K080/K058/K582,1030.0
2026-05-17_Race7,2026-05-17,ST,7,TRIO,"1,3,4",K080/K582/K058,257.0
2026-05-17_Race7,2026-05-17,ST,7,FIRST4,"1,3,4,12",K080/K582/K058/H339,613.0
2026-05-17_Race7,2026-05-17,ST,7,QUARTET,"1,4,3,12",K080/K058/K582/H339,8242.0
2026-05-17_Race7,2026-05-17,ST,7,TRIO,"2,10,11/1,3,4",K355/K540/K582/K058,38242.0
2026-05-17_Race7,2026-05-17,ST,7,TRIO,"2,3,7/2,10,11/1,3,4",K355/K582/K540/K582/K058,2289680.0
2026-05-17_Race8,2026-05-17,ST,8,WIN,14,H168,99.0
2026-05-17_Race8,2026-05-17,ST,8,PLACE,14,H168,26.5
2026-05-17_Race8,2026-05-17,ST,8,PLACE,7,K458,51.0
2026-05-17_Race8,2026-05-17,ST,8,PLACE,5,K260,17.5
2026-05-17_Race8,2026-05-17,ST,8,QUINELLA,"7,14",K458/H168,784.0
2026-05-17_Race8,2026-05-17,ST,8,QPL,"7,14",K458/H168,201.0
2026-05-17_Race8,2026-05-17,ST,8,QPL,"5,14",K260/H168,68.0
2026-05-17_Race8,2026-05-17,ST,8,QPL,"5,7",K260/K458,141.0
2026-05-17_Race8,2026-05-17,ST,8,FORECAST,"14,7",H168/K458,1400.0
2026-05-17_Race8,2026-05-17,ST,8,TIERCE,"14,7,5",H168/K458/K260,7398.0
2026-05-17_Race8,2026-05-17,ST,8,TRIO,"5,7,14",K260/K458/H168,1004.0
2026-05-17_Race8,2026-05-17,ST,8,FIRST4,"5,7,11,14",K260/K458/K300/H168,8998.0
2026-05-17_Race8,2026-05-17,ST,8,QUARTET,"14,7,5,11",H168/K458/K260/K300,210582.0
2026-05-17_Race9,2026-05-17,ST,9,WIN,5,H453,161.0
2026-05-17_Race9,2026-05-17,ST,9,PLACE,5,H453,50.5
2026-05-17_Race9,2026-05-17,ST,9,PLACE,13,K112,47.0
2026-05-17_Race9,2026-05-17,ST,9,PLACE,7,K487,15.5
2026-05-17_Race9,2026-05-17,ST,9,QUINELLA,"5,13",H453/K112,2878.0
2026-05-17_Race9,2026-05-17,ST,9,QPL,"5,13",H453/K112,728.0
2026-05-17_Race9,2026-05-17,ST,9,QPL,"5,7",H453/K487,144.5
2026-05-17_Race9,2026-05-17,ST,9,QPL,"7,13",K487/K112,140.5
2026-05-17_Race9,2026-05-17,ST,9,FORECAST,"5,13",H453/K112,3941.0
2026-05-17_Race9,2026-05-17,ST,9,TIERCE,"5,13,7",H453/K112/K487,17685.0
2026-05-17_Race9,2026-05-17,ST,9,TRIO,"5,7,13",H453/K487/K112,2066.0
2026-05-17_Race9,2026-05-17,ST,9,FIRST4,"4,5,7,13",H095/H453/K487/K112,5882.0
2026-05-17_Race9,2026-05-17,ST,9,QUARTET,"5,13,7,4",H453/K112/K487/H095,211541.0
2026-05-17_Race9,2026-05-17,ST,9,TRIO,"5,7,14/5,7,13",H453/K487/K487/K112,313610.0
2026-05-17_Race10,2026-05-17,ST,10,WIN,10,K238,97.5
2026-05-17_Race10,2026-05-17,ST,10,PLACE,10,K238,25.0
2026-05-17_Race10,2026-05-17,ST,10,PLACE,8,L148,12.5
2026-05-17_Race10,2026-05-17,ST,10,PLACE,6,L122,20.5
2026-05-17_Race10,2026-05-17,ST,10,QUINELLA,"8,10",L148/K238,97.5
2026-05-17_Race10,2026-05-17,ST,10,QPL,"8,10",L148/K238,42.5
2026-05-17_Race10,2026-05-17,ST,10,QPL,"6,10",L122/K238,87.0
2026-05-17_Race10,2026-05-17,ST,10,QPL,"6,8",L122/L148,33.5
2026-05-17_Race10,2026-05-17,ST,10,FORECAST,"10,8",K238/L148,311.0
2026-05-17_Race10,2026-05-17,ST,10,TIERCE,"10,8,6",K238/L148/L122,1663.0
2026-05-17_Race10,2026-05-17,ST,10,TRIO,"6,8,10",L122/L148/K238,191.0
2026-05-17_Race10,2026-05-17,ST,10,FIRST4,"1,6,8,10",K426/L122/L148/K238,2268.0
2026-05-17_Race10,2026-05-17,ST,10,QUARTET,"10,8,6,1",K238/L148/L122/K426,38805.0
2026-05-17_Race11,2026-05-17,ST,11,WIN,3,J321,50.5
2026-05-17_Race11,2026-05-17,ST,11,PLACE,3,J321,18.0
2026-05-17_Race11,2026-05-17,ST,11,PLACE,7,K294,52.0
2026-05-17_Race11,2026-05-17,ST,11,PLACE,2,K400,25.0
2026-05-17_Race11,2026-05-17,ST,11,QUINELLA,"3,7",J321/K294,468.0
2026-05-17_Race11,2026-05-17,ST,11,QPL,"3,7",J321/K294,146.5
2026-05-17_Race11,2026-05-17,ST,11,QPL,"2,3",K400/J321,61.0
2026-05-17_Race11,2026-05-17,ST,11,QPL,"2,7",K400/K294,208.5
2026-05-17_Race11,2026-05-17,ST,11,FORECAST,"3,7",J321/K294,761.0
2026-05-17_Race11,2026-05-17,ST,11,TIERCE,"3,7,2",J321/K294/K400,5099.0
2026-05-17_Race11,2026-05-17,ST,11,TRIO,"2,3,7",K400/J321/K294,1150.0
2026-05-17_Race11,2026-05-17,ST,11,FIRST4,"2,3,7,9",K400/J321/K294/J265,8586.0
2026-05-17_Race11,2026-05-17,ST,11,QUARTET,"3,7,2,9",J321/K294/K400/J265,124694.0
2026-05-17_Race11,2026-05-17,ST,11,TRIO,"6,8,10/2,3,7",L166/K453/J321/K294,22184.0
2026-05-24_Race1,2026-05-24,ST,1,WIN,1,K152,60.5
2026-05-24_Race1,2026-05-24,ST,1,PLACE,1,K152,20.0
2026-05-24_Race1,2026-05-24,ST,1,PLACE,14,J003,47.0
2026-05-24_Race1,2026-05-24,ST,1,PLACE,6,J162,14.0
2026-05-24_Race1,2026-05-24,ST,1,QUINELLA,"1,14",K152/J003,563.0
2026-05-24_Race1,2026-05-24,ST,1,QPL,"1,14",K152/J003,184.0
2026-05-24_Race1,2026-05-24,ST,1,QPL,"1,6",K152/J162,45.0
2026-05-24_Race1,2026-05-24,ST,1,QPL,"6,14",J162/J003,95.5
2026-05-24_Race1,2026-05-24,ST,1,FORECAST,"1,14",K152/J003,836.0
2026-05-24_Race1,2026-05-24,ST,1,TIERCE,"1,14,6",K152/J003/J162,3399.0
2026-05-24_Race1,2026-05-24,ST,1,TRIO,"1,6,14",K152/J162/J003,582.0
2026-05-24_Race1,2026-05-24,ST,1,FIRST4,"1,6,7,14",K152/J162/K138/J003,1236.0
2026-05-24_Race1,2026-05-24,ST,1,QUARTET,"1,14,6,7",K152/J003/J162/K138,26997.0
2026-05-24_Race2,2026-05-24,ST,2,WIN,14,K121,51.5
2026-05-24_Race2,2026-05-24,ST,2,PLACE,14,K121,18.5
2026-05-24_Race2,2026-05-24,ST,2,PLACE,1,L013,23.0
2026-05-24_Race2,2026-05-24,ST,2,PLACE,2,K438,15.5
2026-05-24_Race2,2026-05-24,ST,2,QUINELLA,"1,14",L013/K121,162.0
2026-05-24_Race2,2026-05-24,ST,2,QPL,"1,14",L013/K121,59.5
2026-05-24_Race2,2026-05-24,ST,2,QPL,"2,14",K438/K121,37.0
2026-05-24_Race2,2026-05-24,ST,2,QPL,"1,2",L013/K438,47.5
2026-05-24_Race2,2026-05-24,ST,2,FORECAST,"14,1",K121/L013,328.0
2026-05-24_Race2,2026-05-24,ST,2,TIERCE,"14,1,2",K121/L013/K438,1109.0
2026-05-24_Race2,2026-05-24,ST,2,TRIO,"1,2,14",L013/K438/K121,175.0
2026-05-24_Race2,2026-05-24,ST,2,FIRST4,"1,2,8,14",L013/K438/L266/K121,369.0
2026-05-24_Race2,2026-05-24,ST,2,QUARTET,"14,1,2,8",K121/L013/K438/L266,8885.0
2026-05-24_Race3,2026-05-24,ST,3,WIN,1,L106,102.0
2026-05-24_Race3,2026-05-24,ST,3,PLACE,1,L106,28.0
2026-05-24_Race3,2026-05-24,ST,3,PLACE,2,J542,94.5
2026-05-24_Race3,2026-05-24,ST,3,PLACE,14,H057,67.5
2026-05-24_Race3,2026-05-24,ST,3,QUINELLA,"1,2",L106/J542,1676.0
2026-05-24_Race3,2026-05-24,ST,3,QPL,"1,2",L106/J542,501.0
2026-05-24_Race3,2026-05-24,ST,3,QPL,"1,14",L106/H057,411.5
2026-05-24_Race3,2026-05-24,ST,3,QPL,"2,14",J542/H057,1138.5
2026-05-24_Race3,2026-05-24,ST,3,FORECAST,"1,2",L106/J542,3420.0
2026-05-24_Race3,2026-05-24,ST,3,TIERCE,"1,2,14",L106/J542/H057,69765.0
2026-05-24_Race3,2026-05-24,ST,3,TRIO,"1,2,14",L106/J542/H057,12194.0
2026-05-24_Race3,2026-05-24,ST,3,FIRST4,"1,2,9,14",L106/J542/K040/H057,29634.0
2026-05-24_Race3,2026-05-24,ST,3,QUARTET,"1,2,14,9",L106/J542/H057/K040,802104.0
2026-05-24_Race3,2026-05-24,ST,3,TRIO,"1,2,14/1,2,14",L106/J542/J542/H057,367614.0
2026-05-24_Race4,2026-05-24,ST,4,WIN,3,K570,22.5
2026-05-24_Race4,2026-05-24,ST,4,PLACE,3,K570,12.5
2026-05-24_Race4,2026-05-24,ST,4,PLACE,11,J043,111.5
2026-05-24_Race4,2026-05-24,ST,4,PLACE,9,L211,208.5
2026-05-24_Race4,2026-05-24,ST,4,QUINELLA,"3,11",K570/J043,406.5
2026-05-24_Race4,2026-05-24,ST,4,QPL,"3,11",K570/J043,151.0
2026-05-24_Race4,2026-05-24,ST,4,QPL,"3,9",K570/L211,326.0
2026-05-24_Race4,2026-05-24,ST,4,QPL,"9,11",L211/J043,3761.5
2026-05-24_Race4,2026-05-24,ST,4,FORECAST,"3,11",K570/J043,802.0
2026-05-24_Race4,2026-05-24,ST,4,TIERCE,"3,11,9",K570/J043/L211,21128.0
2026-05-24_Race4,2026-05-24,ST,4,TRIO,"3,9,11",K570/L211/J043,11416.0
2026-05-24_Race4,2026-05-24,ST,4,FIRST4,"3,4,9,11",K570/K132/L211/J043,25444.0
2026-05-24_Race4,2026-05-24,ST,4,QUARTET,"3,11,9,4",K570/J043/L211/K132,356553.0
2026-05-24_Race5,2026-05-24,ST,5,WIN,2,K192,42.5
2026-05-24_Race5,2026-05-24,ST,5,PLACE,2,K192,16.5
2026-05-24_Race5,2026-05-24,ST,5,PLACE,13,L125,32.0
2026-05-24_Race5,2026-05-24,ST,5,PLACE,4,K370,31.0
2026-05-24_Race5,2026-05-24,ST,5,QUINELLA,"2,13",K192/L125,208.5
2026-05-24_Race5,2026-05-24,ST,5,QPL,"2,13",K192/L125,78.5
2026-05-24_Race5,2026-05-24,ST,5,QPL,"2,4",K192/K370,80.5
2026-05-24_Race5,2026-05-24,ST,5,QPL,"4,13",K370/L125,165.0
2026-05-24_Race5,2026-05-24,ST,5,FORECAST,"2,13",K192/L125,449.0
2026-05-24_Race5,2026-05-24,ST,5,TIERCE,"2,13,4",K192/L125/K370,3894.0
2026-05-24_Race5,2026-05-24,ST,5,TRIO,"2,4,13",K192/K370/L125,1048.0
2026-05-24_Race5,2026-05-24,ST,5,FIRST4,"2,4,7,13",K192/K370/K498/L125,591.0
2026-05-24_Race5,2026-05-24,ST,5,QUARTET,"2,13,4,7",K192/L125/K370/K498,18225.0
2026-05-24_Race5,2026-05-24,ST,5,TRIO,"3,9,11/F",K252/L329,10378.0
2026-05-24_Race6,2026-05-24,ST,6,WIN,5,J421,79.0
2026-05-24_Race6,2026-05-24,ST,6,PLACE,5,J421,22.5
2026-05-24_Race6,2026-05-24,ST,6,PLACE,8,J394,37.5
2026-05-24_Race6,2026-05-24,ST,6,PLACE,9,L118,68.5
2026-05-24_Race6,2026-05-24,ST,6,QUINELLA,"5,8",J421/J394,594.0
2026-05-24_Race6,2026-05-24,ST,6,QPL,"5,8",J421/J394,181.5
2026-05-24_Race6,2026-05-24,ST,6,QPL,"5,9",J421/L118,383.0
2026-05-24_Race6,2026-05-24,ST,6,QPL,"8,9",J394/L118,408.0
2026-05-24_Race6,2026-05-24,ST,6,FORECAST,"5,8",J421/J394,1271.0
2026-05-24_Race6,2026-05-24,ST,6,TIERCE,"5,8,9",J421/J394/L118,18830.0
2026-05-24_Race6,2026-05-24,ST,6,TRIO,"5,8,9",J421/J394/L118,4191.0
2026-05-24_Race6,2026-05-24,ST,6,FIRST4,"3,5,8,9",J280/J421/J394/L118,3104.0
2026-05-24_Race6,2026-05-24,ST,6,QUARTET,"5,8,9,3",J421/J394/L118/J280,82429.0
2026-05-24_Race7,2026-05-24,ST,7,WIN,12,H450,179.0
2026-05-24_Race7,2026-05-24,ST,7,PLACE,12,H450,40.5
2026-05-24_Race7,2026-05-24,ST,7,PLACE,13,H481,126.0
2026-05-24_Race7,2026-05-24,ST,7,PLACE,8,K313,24.0
2026-05-24_Race7,2026-05-24,ST,7,QUINELLA,"12,13",H450/H481,3949.5
2026-05-24_Race7,2026-05-24,ST,7,QPL,"12,13",H450/H481,900.5
2026-05-24_Race7,2026-05-24,ST,7,QPL,"8,12",K313/H450,203.0
2026-05-24_Race7,2026-05-24,ST,7,QPL,"8,13",K313/H481,412.5
2026-05-24_Race7,2026-05-24,ST,7,FORECAST,"12,13",H450/H481,5978.0
2026-05-24_Race7,2026-05-24,ST,7,TIERCE,"12,13,8",H450/H481/K313,45607.0
2026-05-24_Race7,2026-05-24,ST,7,TRIO,"8,12,13",K313/H450/H481,8053.0
2026-05-24_Race7,2026-05-24,ST,7,FIRST4,"4,8,12,13",L108/K313/H450/H481,8462.0
2026-05-24_Race7,2026-05-24,ST,7,QUARTET,"12,13,8,4",H450/H481/K313/L108,241799.0
2026-05-24_Race7,2026-05-24,ST,7,TRIO,"5,8,9/F",G448/K313,3000.0
2026-05-24_Race8,2026-05-24,ST,8,WIN,1,E486,11.0
2026-05-24_Race8,2026-05-24,ST,8,PLACE,1,E486,10.1
2026-05-24_Race8,2026-05-24,ST,8,PLACE,5,L080,56.0
2026-05-24_Race8,2026-05-24,ST,8,PLACE,2,L925,21.5
2026-05-24_Race8,2026-05-24,ST,8,QUINELLA,"1,5",E486/L080,118.0
2026-05-24_Race8,2026-05-24,ST,8,QPL,"1,5",E486/L080,52.5
2026-05-24_Race8,2026-05-24,ST,8,QPL,"1,2",E486/L925,22.0
2026-05-24_Race8,2026-05-24,ST,8,QPL,"2,5",L925/L080,220.5
2026-05-24_Race8,2026-05-24,ST,8,FORECAST,"1,5",E486/L080,135.0
2026-05-24_Race8,2026-05-24,ST,8,TIERCE,"1,5,2",E486/L080/L925,922.0
2026-05-24_Race8,2026-05-24,ST,8,TRIO,"1,2,5",E486/L925/L080,254.0
2026-05-24_Race8,2026-05-24,ST,8,FIRST4,"1,2,5,9",E486/L925/L080/K012,636.0
2026-05-24_Race8,2026-05-24,ST,8,QUARTET,"1,5,2,9",E486/L080/L925/K012,6055.0
2026-05-24_Race9,2026-05-24,ST,9,WIN,5,K061,50.5
2026-05-24_Race9,2026-05-24,ST,9,PLACE,5,K061,16.5
2026-05-24_Race9,2026-05-24,ST,9,PLACE,11,J443,17.5
2026-05-24_Race9,2026-05-24,ST,9,PLACE,7,L153,16.5
2026-05-24_Race9,2026-05-24,ST,9,QUINELLA,"5,11",K061/J443,127.0
2026-05-24_Race9,2026-05-24,ST,9,QPL,"5,11",K061/J443,46.5
2026-05-24_Race9,2026-05-24,ST,9,QPL,"5,7",K061/L153,33.0
2026-05-24_Race9,2026-05-24,ST,9,QPL,"7,11",L153/J443,46.5
2026-05-24_Race9,2026-05-24,ST,9,FORECAST,"5,11",K061/J443,239.0
2026-05-24_Race9,2026-05-24,ST,9,TIERCE,"5,11,7",K061/J443/L153,828.0
2026-05-24_Race9,2026-05-24,ST,9,TRIO,"5,7,11",K061/L153/J443,140.0
2026-05-24_Race9,2026-05-24,ST,9,FIRST4,"5,7,9,11",K061/L153/K514/J443,219.0
2026-05-24_Race9,2026-05-24,ST,9,QUARTET,"5,11,7,9",K061/J443/L153/K514,4312.0
2026-05-24_Race9,2026-05-24,ST,9,TRIO,"1,2,5/5,7,11",D435/H338/L153/J443,4835.0
2026-05-24_Race10,2026-05-24,ST,10,WIN,5,L301,43.0
2026-05-24_Race10,2026-05-24,ST,10,PLACE,5,L301,15.5
2026-05-24_Race10,2026-05-24,ST,10,PLACE,13,L126,33.0
2026-05-24_Race10,2026-05-24,ST,10,PLACE,1,J303,74.0
2026-05-24_Race10,2026-05-24,ST,10,QUINELLA,"5,13",L301/L126,223.5
2026-05-24_Race10,2026-05-24,ST,10,QPL,"5,13",L301/L126,78.0
2026-05-24_Race10,2026-05-24,ST,10,QPL,"1,5",J303/L301,335.0
2026-05-24_Race10,2026-05-24,ST,10,QPL,"1,13",J303/L126,750.0
2026-05-24_Race10,2026-05-24,ST,10,FORECAST,"5,13",L301/L126,441.0
2026-05-24_Race10,2026-05-24,ST,10,TIERCE,"5,13,1",L301/L126/J303,10540.0
2026-05-24_Race10,2026-05-24,ST,10,TRIO,"1,5,13",J303/L301/L126,3368.0
2026-05-24_Race10,2026-05-24,ST,10,FIRST4,"1,5,10,13",J303/L301/L397/L126,6456.0
2026-05-24_Race10,2026-05-24,ST,10,QUARTET,"5,13,1,10",L301/L126/J303/L397,110008.0
2026-05-24_Race11,2026-05-24,ST,11,WIN,6,K312,136.5
2026-05-24_Race11,2026-05-24,ST,11,PLACE,6,K312,33.5
2026-05-24_Race11,2026-05-24,ST,11,PLACE,4,L151,17.0
2026-05-24_Race11,2026-05-24,ST,11,PLACE,5,K489,15.0
2026-05-24_Race11,2026-05-24,ST,11,QUINELLA,"4,6",L151/K312,342.0
2026-05-24_Race11,2026-05-24,ST,11,QPL,"4,6",L151/K312,96.0
2026-05-24_Race11,2026-05-24,ST,11,QPL,"5,6",K489/K312,63.5
2026-05-24_Race11,2026-05-24,ST,11,QPL,"4,5",L151/K489,35.5
2026-05-24_Race11,2026-05-24,ST,11,FORECAST,"6,4",K312/L151,890.0
2026-05-24_Race11,2026-05-24,ST,11,TIERCE,"6,4,5",K312/L151/K489,2599.0
2026-05-24_Race11,2026-05-24,ST,11,TRIO,"4,5,6",L151/K489/K312,330.0
2026-05-24_Race11,2026-05-24,ST,11,FIRST4,"4,5,6,7",L151/K489/K312/L230,93.0
2026-05-24_Race11,2026-05-24,ST,11,QUARTET,"6,4,5,7",K312/L151/K489/L230,4421.0
2026-05-24_Race11,2026-05-24,ST,11,TRIO,"1,5,13/4,5,6",K234/K489/K489/K312,163249.0
